{
    "ProtectiveEquipmentModelVersion": "1.0",
    "Persons": [
        {
            "BodyParts": [
                {
                    "Name": "FACE",
                    "Confidence": 98.87088012695312,
                    "EquipmentDetections": [
                        {
                            "BoundingBox": {
                                "Width": 0.05365908518433571,
                                "Height": 0.05665690079331398,
                                "Left": 0.2737659513950348,
                                "Top": 0.18385256826877594
                            },
                            "Confidence": 98.16676330566406,
                            "Type": "FACE_COVER",
                            "CoversBodyPart": {
                                "Confidence": 99.7043228149414,
                                "Value": true
                            }
                        }
                    ]
                },
                {
                    "Name": "LEFT_HAND",
                    "Confidence": 88.7783432006836,
                    "EquipmentDetections": [
                        {
                            "BoundingBox": {
                                "Width": 0.039226047694683075,
                                "Height": 0.0746980607509613,
                                "Left": 0.21589858829975128,
                                "Top": 0.5454752445220947
                            },
                            "Confidence": 98.5208740234375,
                            "Type": "HAND_COVER",
                            "CoversBodyPart": {
                                "Confidence": 93.20555877685547,
                                "Value": true
                            }
                        }
                    ]
                },
                {
                    "Name": "RIGHT_HAND",
                    "Confidence": 94.4425277709961,
                    "EquipmentDetections": [
                        {
                            "BoundingBox": {
                                "Width": 0.0285468902438879,
                                "Height": 0.08951457589864731,
                                "Left": 0.3686242997646332,
                                "Top": 0.5074594020843506
                            },
                            "Confidence": 99.62728118896484,
                            "Type": "HAND_COVER",
                            "CoversBodyPart": {
                                "Confidence": 97.35472869873047,
                                "Value": true
                            }
                        }
                    ]
                },
                {
                    "Name": "HEAD",
                    "Confidence": 96.47225952148438,
                    "EquipmentDetections": []
                }
            ],
            "BoundingBox": {
                "Width": 0.19202278554439545,
                "Height": 0.7564102411270142,
                "Left": 0.20797720551490784,
                "Top": 0.11880341917276382
            },
            "Confidence": 99.9681396484375,
            "Id": 0
        },
        {
            "BodyParts": [
                {
                    "Name": "FACE",
                    "Confidence": 97.94420623779297,
                    "EquipmentDetections": [
                        {
                            "BoundingBox": {
                                "Width": 0.05414184555411339,
                                "Height": 0.057243987917900085,
                                "Left": 0.13750529289245605,
                                "Top": 0.18698962032794952
                            },
                            "Confidence": 99.21154022216797,
                            "Type": "FACE_COVER",
                            "CoversBodyPart": {
                                "Confidence": 99.51895904541016,
                                "Value": true
                            }
                        }
                    ]
                },
                {
                    "Name": "RIGHT_HAND",
                    "Confidence": 89.25674438476562,
                    "EquipmentDetections": [
                        {
                            "BoundingBox": {
                                "Width": 0.04399298503994942,
                                "Height": 0.08958888798952103,
                                "Left": 0.07091961801052094,
                                "Top": 0.49308958649635315
                            },
                            "Confidence": 99.85595703125,
                            "Type": "HAND_COVER",
                            "CoversBodyPart": {
                                "Confidence": 99.67205810546875,
                                "Value": true
                            }
                        }
                    ]
                },
                {
                    "Name": "HEAD",
                    "Confidence": 97.31046295166016,
                    "EquipmentDetections": []
                }
            ],
            "BoundingBox": {
                "Width": 0.20170940458774567,
                "Height": 0.7153846025466919,
                "Left": 0.052421651780605316,
                "Top": 0.12136752158403397
            },
            "Confidence": 99.83804321289062,
            "Id": 1
        },
        {
            "BodyParts": [
                {
                    "Name": "FACE",
                    "Confidence": 96.51314544677734,
                    "EquipmentDetections": [
                        {
                            "BoundingBox": {
                                "Width": 0.06346864998340607,
                                "Height": 0.08104650676250458,
                                "Left": 0.7628182172775269,
                                "Top": 0.16186638176441193
                            },
                            "Confidence": 91.73711395263672,
                            "Type": "FACE_COVER",
                            "CoversBodyPart": {
                                "Confidence": 98.6831283569336,
                                "Value": true
                            }
                        }
                    ]
                },
                {
                    "Name": "LEFT_HAND",
                    "Confidence": 95.5988998413086,
                    "EquipmentDetections": [
                        {
                            "BoundingBox": {
                                "Width": 0.03705551102757454,
                                "Height": 0.05473046004772186,
                                "Left": 0.8163739442825317,
                                "Top": 0.4339849054813385
                            },
                            "Confidence": 98.87225341796875,
                            "Type": "HAND_COVER",
                            "CoversBodyPart": {
                                "Confidence": 98.1151123046875,
                                "Value": true
                            }
                        }
                    ]
                },
                {
                    "Name": "HEAD",
                    "Confidence": 99.79601287841797,
                    "EquipmentDetections": []
                }
            ],
            "BoundingBox": {
                "Width": 0.1846153885126114,
                "Height": 0.6726495623588562,
                "Left": 0.68660968542099,
                "Top": 0.11452991515398026
            },
            "Confidence": 99.96831512451172,
            "Id": 2
        },
        {
            "BodyParts": [
                {
                    "Name": "FACE",
                    "Confidence": 73.6234359741211,